-- --------------------------------------------------------
-- Host:                         localhost
-- Server version:               10.4.32-MariaDB - mariadb.org binary distribution
-- Server OS:                    Win64
-- HeidiSQL Version:             12.8.0.6908
-- --------------------------------------------------------

/*!40101 SET @OLD_CHARACTER_SET_CLIENT=@@CHARACTER_SET_CLIENT */;
/*!40101 SET NAMES utf8 */;
/*!50503 SET NAMES utf8mb4 */;
/*!40103 SET @OLD_TIME_ZONE=@@TIME_ZONE */;
/*!40103 SET TIME_ZONE='+00:00' */;
/*!40014 SET @OLD_FOREIGN_KEY_CHECKS=@@FOREIGN_KEY_CHECKS, FOREIGN_KEY_CHECKS=0 */;
/*!40101 SET @OLD_SQL_MODE=@@SQL_MODE, SQL_MODE='NO_AUTO_VALUE_ON_ZERO' */;
/*!40111 SET @OLD_SQL_NOTES=@@SQL_NOTES, SQL_NOTES=0 */;


-- Dumping database structure for db_servfacil
DROP DATABASE IF EXISTS `db_servfacil`;
CREATE DATABASE IF NOT EXISTS `db_servfacil` /*!40100 DEFAULT CHARACTER SET utf8mb4 COLLATE utf8mb4_general_ci */;
USE `db_servfacil`;

-- Dumping structure for table db_servfacil.clients
DROP TABLE IF EXISTS `clients`;
CREATE TABLE IF NOT EXISTS `clients` (
  `id` int(11) NOT NULL AUTO_INCREMENT,
  `name` varchar(50) NOT NULL,
  `inserted_at` datetime NOT NULL,
  `cpf` varchar(14) DEFAULT NULL,
  `cnpj` varchar(17) DEFAULT NULL,
  `born_at` date DEFAULT NULL,
  `age` smallint(6) DEFAULT NULL,
  `email` varchar(75) DEFAULT NULL,
  `nat_registration` char(1) NOT NULL,
  PRIMARY KEY (`id`)
) ENGINE=InnoDB AUTO_INCREMENT=700 DEFAULT CHARSET=utf8mb4 COLLATE=utf8mb4_general_ci;

-- Dumping data for table db_servfacil.clients: ~541 rows (approximately)
DELETE FROM `clients`;
INSERT INTO `clients` (`id`, `name`, `inserted_at`, `cpf`, `cnpj`, `born_at`, `age`, `email`, `nat_registration`) VALUES
	(160, 'Client 030', '2025-05-21 14:00:00', '00000000030', NULL, '1970-01-31', 55, 'client030@example.com', 'F'),
	(161, 'Client 031', '2025-05-21 14:00:00', '00000000031', NULL, '1970-02-01', 55, 'client031@example.com', 'F'),
	(162, 'Client 032', '2025-05-21 14:00:00', '00000000032', NULL, '1970-02-02', 55, 'client032@example.com', 'F'),
	(163, 'Client 033', '2025-05-21 14:00:00', '00000000033', NULL, '1970-02-03', 55, 'client033@example.com', 'F'),
	(164, 'Client 034', '2025-05-21 14:00:00', '00000000034', NULL, '1970-02-04', 55, 'client034@example.com', 'F'),
	(165, 'Client 035', '2025-05-21 14:00:00', '00000000035', NULL, '1970-02-05', 55, 'client035@example.com', 'F'),
	(166, 'Client 036', '2025-05-21 14:00:00', '00000000036', NULL, '1970-02-06', 55, 'client036@example.com', 'F'),
	(167, 'Client 037', '2025-05-21 14:00:00', '00000000037', NULL, '1970-02-07', 55, 'client037@example.com', 'F'),
	(168, 'Client 038', '2025-05-21 14:00:00', '00000000038', NULL, '1970-02-08', 55, 'client038@example.com', 'F'),
	(169, 'Client 039', '2025-05-21 14:00:00', '00000000039', NULL, '1970-02-09', 55, 'client039@example.com', 'F'),
	(170, 'Client 040', '2025-05-21 14:00:00', '00000000040', NULL, '1970-02-10', 55, 'client040@example.com', 'F'),
	(171, 'Client 041', '2025-05-21 14:00:00', '00000000041', NULL, '1970-02-11', 55, 'client041@example.com', 'F'),
	(172, 'Client 042', '2025-05-21 14:00:00', '00000000042', NULL, '1970-02-12', 55, 'client042@example.com', 'F'),
	(173, 'Client 043', '2025-05-21 14:00:00', '00000000043', NULL, '1970-02-13', 55, 'client043@example.com', 'F'),
	(174, 'Client 044', '2025-05-21 14:00:00', '00000000044', NULL, '1970-02-14', 55, 'client044@example.com', 'F'),
	(175, 'Client 045', '2025-05-21 14:00:00', '00000000045', NULL, '1970-02-15', 55, 'client045@example.com', 'F'),
	(176, 'Client 046', '2025-05-21 14:00:00', '00000000046', NULL, '1970-02-16', 55, 'client046@example.com', 'F'),
	(177, 'Client 047', '2025-05-21 14:00:00', '00000000047', NULL, '1970-02-17', 55, 'client047@example.com', 'F'),
	(178, 'Client 048', '2025-05-21 14:00:00', '00000000048', NULL, '1970-02-18', 55, 'client048@example.com', 'F'),
	(179, 'Client 049', '2025-05-21 14:00:00', '00000000049', NULL, '1970-02-19', 55, 'client049@example.com', 'F'),
	(180, 'Client 050', '2025-05-21 14:00:00', '00000000050', NULL, '1970-02-20', 55, 'client050@example.com', 'F'),
	(181, 'Client 051', '2025-05-21 14:00:00', '00000000051', NULL, '1970-02-21', 55, 'client051@example.com', 'F'),
	(182, 'Client 052', '2025-05-21 14:00:00', '00000000052', NULL, '1970-02-22', 55, 'client052@example.com', 'F'),
	(183, 'Client 053', '2025-05-21 14:00:00', '00000000053', NULL, '1970-02-23', 55, 'client053@example.com', 'F'),
	(184, 'Client 054', '2025-05-21 14:00:00', '00000000054', NULL, '1970-02-24', 55, 'client054@example.com', 'F'),
	(185, 'Client 055', '2025-05-21 14:00:00', '00000000055', NULL, '1970-02-25', 55, 'client055@example.com', 'F'),
	(186, 'Client 056', '2025-05-21 14:00:00', '00000000056', NULL, '1970-02-26', 55, 'client056@example.com', 'F'),
	(187, 'Client 057', '2025-05-21 14:00:00', '00000000057', NULL, '1970-02-27', 55, 'client057@example.com', 'F'),
	(188, 'Client 058', '2025-05-21 14:00:00', '00000000058', NULL, '1970-02-28', 55, 'client058@example.com', 'F'),
	(189, 'Client 059', '2025-05-21 14:00:00', '00000000059', NULL, '1970-03-01', 55, 'client059@example.com', 'F'),
	(190, 'Client 060', '2025-05-21 14:00:00', '00000000060', NULL, '1970-03-02', 55, 'client060@example.com', 'F'),
	(191, 'Client 061', '2025-05-21 14:00:00', '00000000061', NULL, '1970-03-03', 55, 'client061@example.com', 'F'),
	(192, 'Client 062', '2025-05-21 14:00:00', '00000000062', NULL, '1970-03-04', 55, 'client062@example.com', 'F'),
	(193, 'Client 063', '2025-05-21 14:00:00', '00000000063', NULL, '1970-03-05', 55, 'client063@example.com', 'F'),
	(194, 'Client 064', '2025-05-21 14:00:00', '00000000064', NULL, '1970-03-06', 55, 'client064@example.com', 'F'),
	(195, 'Client 065', '2025-05-21 14:00:00', '00000000065', NULL, '1970-03-07', 55, 'client065@example.com', 'F'),
	(196, 'Client 066', '2025-05-21 14:00:00', '00000000066', NULL, '1970-03-08', 55, 'client066@example.com', 'F'),
	(197, 'Client 067', '2025-05-21 14:00:00', '00000000067', NULL, '1970-03-09', 55, 'client067@example.com', 'F'),
	(198, 'Client 068', '2025-05-21 14:00:00', '00000000068', NULL, '1970-03-10', 55, 'client068@example.com', 'F'),
	(199, 'Client 069', '2025-05-21 14:00:00', '00000000069', NULL, '1970-03-11', 55, 'client069@example.com', 'F'),
	(200, 'Client 070', '2025-05-21 14:00:00', '00000000070', NULL, '1970-03-12', 55, 'client070@example.com', 'F'),
	(201, 'Client 071', '2025-05-21 14:00:00', '00000000071', NULL, '1970-03-13', 55, 'client071@example.com', 'F'),
	(202, 'Client 072', '2025-05-21 14:00:00', '00000000072', NULL, '1970-03-14', 55, 'client072@example.com', 'F'),
	(203, 'Client 073', '2025-05-21 14:00:00', '00000000073', NULL, '1970-03-15', 55, 'client073@example.com', 'F'),
	(204, 'Client 074', '2025-05-21 14:00:00', '00000000074', NULL, '1970-03-16', 55, 'client074@example.com', 'F'),
	(205, 'Client 075', '2025-05-21 14:00:00', '00000000075', NULL, '1970-03-17', 55, 'client075@example.com', 'F'),
	(206, 'Client 076', '2025-05-21 14:00:00', '00000000076', NULL, '1970-03-18', 55, 'client076@example.com', 'F'),
	(207, 'Client 077', '2025-05-21 14:00:00', '00000000077', NULL, '1970-03-19', 55, 'client077@example.com', 'F'),
	(208, 'Client 078', '2025-05-21 14:00:00', '00000000078', NULL, '1970-03-20', 55, 'client078@example.com', 'F'),
	(209, 'Client 079', '2025-05-21 14:00:00', '00000000079', NULL, '1970-03-21', 55, 'client079@example.com', 'F'),
	(210, 'Client 080', '2025-05-21 14:00:00', '00000000080', NULL, '1970-03-22', 55, 'client080@example.com', 'F'),
	(211, 'Client 081', '2025-05-21 14:00:00', '00000000081', NULL, '1970-03-23', 55, 'client081@example.com', 'F'),
	(212, 'Client 082', '2025-05-21 14:00:00', '00000000082', NULL, '1970-03-24', 55, 'client082@example.com', 'F'),
	(213, 'Client 083', '2025-05-21 14:00:00', '00000000083', NULL, '1970-03-25', 55, 'client083@example.com', 'F'),
	(214, 'Client 084', '2025-05-21 14:00:00', '00000000084', NULL, '1970-03-26', 55, 'client084@example.com', 'F'),
	(215, 'Client 085', '2025-05-21 14:00:00', '00000000085', NULL, '1970-03-27', 55, 'client085@example.com', 'F'),
	(216, 'Client 086', '2025-05-21 14:00:00', '00000000086', NULL, '1970-03-28', 55, 'client086@example.com', 'F'),
	(217, 'Client 087', '2025-05-21 14:00:00', '00000000087', NULL, '1970-03-29', 55, 'client087@example.com', 'F'),
	(218, 'Client 088', '2025-05-21 14:00:00', '00000000088', NULL, '1970-03-30', 55, 'client088@example.com', 'F'),
	(219, 'Client 089', '2025-05-21 14:00:00', '00000000089', NULL, '1970-03-31', 55, 'client089@example.com', 'F'),
	(220, 'Client 090', '2025-05-21 14:00:00', '00000000090', NULL, '1970-04-01', 55, 'client090@example.com', 'F'),
	(221, 'Client 091', '2025-05-21 14:00:00', '00000000091', NULL, '1970-04-02', 55, 'client091@example.com', 'F'),
	(222, 'Client 092', '2025-05-21 14:00:00', '00000000092', NULL, '1970-04-03', 55, 'client092@example.com', 'F'),
	(223, 'Client 093', '2025-05-21 14:00:00', '00000000093', NULL, '1970-04-04', 55, 'client093@example.com', 'F'),
	(224, 'Client 094', '2025-05-21 14:00:00', '00000000094', NULL, '1970-04-05', 55, 'client094@example.com', 'F'),
	(225, 'Client 095', '2025-05-21 14:00:00', '00000000095', NULL, '1970-04-06', 55, 'client095@example.com', 'F'),
	(226, 'Client 096', '2025-05-21 14:00:00', '00000000096', NULL, '1970-04-07', 55, 'client096@example.com', 'F'),
	(227, 'Client 097', '2025-05-21 14:00:00', '00000000097', NULL, '1970-04-08', 55, 'client097@example.com', 'F'),
	(228, 'Client 098', '2025-05-21 14:00:00', '00000000098', NULL, '1970-04-09', 55, 'client098@example.com', 'F'),
	(229, 'Client 099', '2025-05-21 14:00:00', '00000000099', NULL, '1970-04-10', 55, 'client099@example.com', 'F'),
	(230, 'Client 100', '2025-05-21 14:00:00', '00000000100', NULL, '1970-04-11', 55, 'client100@example.com', 'F'),
	(231, 'Client 001', '2025-05-21 14:00:00', '00000000001', NULL, '1970-01-02', 55, 'client001@example.com', 'F'),
	(232, 'Client 002', '2025-05-21 14:00:00', '00000000002', NULL, '1970-01-03', 55, 'client002@example.com', 'F'),
	(233, 'Client 003', '2025-05-21 14:00:00', '00000000003', NULL, '1970-01-04', 55, 'client003@example.com', 'F'),
	(234, 'Client 004', '2025-05-21 14:00:00', '00000000004', NULL, '1970-01-05', 55, 'client004@example.com', 'F'),
	(235, 'Client 005', '2025-05-21 14:00:00', '00000000005', NULL, '1970-01-06', 55, 'client005@example.com', 'F'),
	(236, 'Client 006', '2025-05-21 14:00:00', '00000000006', NULL, '1970-01-07', 55, 'client006@example.com', 'F'),
	(237, 'Client 007', '2025-05-21 14:00:00', '00000000007', NULL, '1970-01-08', 55, 'client007@example.com', 'F'),
	(238, 'Client 008', '2025-05-21 14:00:00', '00000000008', NULL, '1970-01-09', 55, 'client008@example.com', 'F'),
	(239, 'Client 009', '2025-05-21 14:00:00', '00000000009', NULL, '1970-01-10', 55, 'client009@example.com', 'F'),
	(240, 'Client 010', '2025-05-21 14:00:00', '00000000010', NULL, '1970-01-11', 55, 'client010@example.com', 'F'),
	(241, 'Client 011', '2025-05-21 14:00:00', '00000000011', NULL, '1970-01-12', 55, 'client011@example.com', 'F'),
	(242, 'Client 012', '2025-05-21 14:00:00', '00000000012', NULL, '1970-01-13', 55, 'client012@example.com', 'F'),
	(243, 'Client 013', '2025-05-21 14:00:00', '00000000013', NULL, '1970-01-14', 55, 'client013@example.com', 'F'),
	(244, 'Client 014', '2025-05-21 14:00:00', '00000000014', NULL, '1970-01-15', 55, 'client014@example.com', 'F'),
	(245, 'Client 015', '2025-05-21 14:00:00', '00000000015', NULL, '1970-01-16', 55, 'client015@example.com', 'F'),
	(246, 'Client 016', '2025-05-21 14:00:00', '00000000016', NULL, '1970-01-17', 55, 'client016@example.com', 'F'),
	(247, 'Client 017', '2025-05-21 14:00:00', '00000000017', NULL, '1970-01-18', 55, 'client017@example.com', 'F'),
	(248, 'Client 018', '2025-05-21 14:00:00', '00000000018', NULL, '1970-01-19', 55, 'client018@example.com', 'F'),
	(249, 'Client 019', '2025-05-21 14:00:00', '00000000019', NULL, '1970-01-20', 55, 'client019@example.com', 'F'),
	(250, 'Client 020', '2025-05-21 14:00:00', '00000000020', NULL, '1970-01-21', 55, 'client020@example.com', 'F'),
	(251, 'Client 021', '2025-05-21 14:00:00', '00000000021', NULL, '1970-01-22', 55, 'client021@example.com', 'F'),
	(252, 'Client 022', '2025-05-21 14:00:00', '00000000022', NULL, '1970-01-23', 55, 'client022@example.com', 'F'),
	(253, 'Client 023', '2025-05-21 14:00:00', '00000000023', NULL, '1970-01-24', 55, 'client023@example.com', 'F'),
	(254, 'Client 024', '2025-05-21 14:00:00', '00000000024', NULL, '1970-01-25', 55, 'client024@example.com', 'F'),
	(255, 'Client 025', '2025-05-21 14:00:00', '00000000025', NULL, '1970-01-26', 55, 'client025@example.com', 'F'),
	(256, 'Client 026', '2025-05-21 14:00:00', '00000000026', NULL, '1970-01-27', 55, 'client026@example.com', 'F'),
	(257, 'Client 027', '2025-05-21 14:00:00', '00000000027', NULL, '1970-01-28', 55, 'client027@example.com', 'F'),
	(258, 'Client 028', '2025-05-21 14:00:00', '00000000028', NULL, '1970-01-29', 55, 'client028@example.com', 'F'),
	(259, 'Client 029', '2025-05-21 14:00:00', '00000000029', NULL, '1970-01-30', 55, 'client029@example.com', 'F'),
	(260, 'Client 030', '2025-05-21 14:00:00', '00000000030', NULL, '1970-01-31', 55, 'client030@example.com', 'F'),
	(261, 'Client 031', '2025-05-21 14:00:00', '00000000031', NULL, '1970-02-01', 55, 'client031@example.com', 'F'),
	(262, 'Client 032', '2025-05-21 14:00:00', '00000000032', NULL, '1970-02-02', 55, 'client032@example.com', 'F'),
	(263, 'Client 033', '2025-05-21 14:00:00', '00000000033', NULL, '1970-02-03', 55, 'client033@example.com', 'F'),
	(264, 'Client 034', '2025-05-21 14:00:00', '00000000034', NULL, '1970-02-04', 55, 'client034@example.com', 'F'),
	(265, 'Client 035', '2025-05-21 14:00:00', '00000000035', NULL, '1970-02-05', 55, 'client035@example.com', 'F'),
	(266, 'Client 036', '2025-05-21 14:00:00', '00000000036', NULL, '1970-02-06', 55, 'client036@example.com', 'F'),
	(267, 'Client 037', '2025-05-21 14:00:00', '00000000037', NULL, '1970-02-07', 55, 'client037@example.com', 'F'),
	(268, 'Client 038', '2025-05-21 14:00:00', '00000000038', NULL, '1970-02-08', 55, 'client038@example.com', 'F'),
	(269, 'Client 039', '2025-05-21 14:00:00', '00000000039', NULL, '1970-02-09', 55, 'client039@example.com', 'F'),
	(270, 'Client 040', '2025-05-21 14:00:00', '00000000040', NULL, '1970-02-10', 55, 'client040@example.com', 'F'),
	(271, 'Client 041', '2025-05-21 14:00:00', '00000000041', NULL, '1970-02-11', 55, 'client041@example.com', 'F'),
	(272, 'Client 042', '2025-05-21 14:00:00', '00000000042', NULL, '1970-02-12', 55, 'client042@example.com', 'F'),
	(273, 'Client 043', '2025-05-21 14:00:00', '00000000043', NULL, '1970-02-13', 55, 'client043@example.com', 'F'),
	(274, 'Client 044', '2025-05-21 14:00:00', '00000000044', NULL, '1970-02-14', 55, 'client044@example.com', 'F'),
	(275, 'Client 045', '2025-05-21 14:00:00', '00000000045', NULL, '1970-02-15', 55, 'client045@example.com', 'F'),
	(276, 'Client 046', '2025-05-21 14:00:00', '00000000046', NULL, '1970-02-16', 55, 'client046@example.com', 'F'),
	(277, 'Client 047', '2025-05-21 14:00:00', '00000000047', NULL, '1970-02-17', 55, 'client047@example.com', 'F'),
	(278, 'Client 048', '2025-05-21 14:00:00', '00000000048', NULL, '1970-02-18', 55, 'client048@example.com', 'F'),
	(279, 'Client 049', '2025-05-21 14:00:00', '00000000049', NULL, '1970-02-19', 55, 'client049@example.com', 'F'),
	(280, 'Client 050', '2025-05-21 14:00:00', '00000000050', NULL, '1970-02-20', 55, 'client050@example.com', 'F'),
	(281, 'Client 051', '2025-05-21 14:00:00', '00000000051', NULL, '1970-02-21', 55, 'client051@example.com', 'F'),
	(282, 'Client 052', '2025-05-21 14:00:00', '00000000052', NULL, '1970-02-22', 55, 'client052@example.com', 'F'),
	(283, 'Client 053', '2025-05-21 14:00:00', '00000000053', NULL, '1970-02-23', 55, 'client053@example.com', 'F'),
	(284, 'Client 054', '2025-05-21 14:00:00', '00000000054', NULL, '1970-02-24', 55, 'client054@example.com', 'F'),
	(285, 'Client 055', '2025-05-21 14:00:00', '00000000055', NULL, '1970-02-25', 55, 'client055@example.com', 'F'),
	(286, 'Client 056', '2025-05-21 14:00:00', '00000000056', NULL, '1970-02-26', 55, 'client056@example.com', 'F'),
	(287, 'Client 057', '2025-05-21 14:00:00', '00000000057', NULL, '1970-02-27', 55, 'client057@example.com', 'F'),
	(288, 'Client 058', '2025-05-21 14:00:00', '00000000058', NULL, '1970-02-28', 55, 'client058@example.com', 'F'),
	(289, 'Client 059', '2025-05-21 14:00:00', '00000000059', NULL, '1970-03-01', 55, 'client059@example.com', 'F'),
	(290, 'Client 060', '2025-05-21 14:00:00', '00000000060', NULL, '1970-03-02', 55, 'client060@example.com', 'F'),
	(291, 'Client 061', '2025-05-21 14:00:00', '00000000061', NULL, '1970-03-03', 55, 'client061@example.com', 'F'),
	(292, 'Client 062', '2025-05-21 14:00:00', '00000000062', NULL, '1970-03-04', 55, 'client062@example.com', 'F'),
	(293, 'Client 063', '2025-05-21 14:00:00', '00000000063', NULL, '1970-03-05', 55, 'client063@example.com', 'F'),
	(294, 'Client 064', '2025-05-21 14:00:00', '00000000064', NULL, '1970-03-06', 55, 'client064@example.com', 'F'),
	(295, 'Client 065', '2025-05-21 14:00:00', '00000000065', NULL, '1970-03-07', 55, 'client065@example.com', 'F'),
	(296, 'Client 066', '2025-05-21 14:00:00', '00000000066', NULL, '1970-03-08', 55, 'client066@example.com', 'F'),
	(297, 'Client 067', '2025-05-21 14:00:00', '00000000067', NULL, '1970-03-09', 55, 'client067@example.com', 'F'),
	(298, 'Client 068', '2025-05-21 14:00:00', '00000000068', NULL, '1970-03-10', 55, 'client068@example.com', 'F'),
	(299, 'Client 069', '2025-05-21 14:00:00', '00000000069', NULL, '1970-03-11', 55, 'client069@example.com', 'F'),
	(300, 'Client 070', '2025-05-21 14:00:00', '00000000070', NULL, '1970-03-12', 55, 'client070@example.com', 'F'),
	(301, 'Client 071', '2025-05-21 14:00:00', '00000000071', NULL, '1970-03-13', 55, 'client071@example.com', 'F'),
	(302, 'Client 072', '2025-05-21 14:00:00', '00000000072', NULL, '1970-03-14', 55, 'client072@example.com', 'F'),
	(303, 'Client 073', '2025-05-21 14:00:00', '00000000073', NULL, '1970-03-15', 55, 'client073@example.com', 'F'),
	(304, 'Client 074', '2025-05-21 14:00:00', '00000000074', NULL, '1970-03-16', 55, 'client074@example.com', 'F'),
	(305, 'Client 075', '2025-05-21 14:00:00', '00000000075', NULL, '1970-03-17', 55, 'client075@example.com', 'F'),
	(306, 'Client 076', '2025-05-21 14:00:00', '00000000076', NULL, '1970-03-18', 55, 'client076@example.com', 'F'),
	(307, 'Client 077', '2025-05-21 14:00:00', '00000000077', NULL, '1970-03-19', 55, 'client077@example.com', 'F'),
	(308, 'Client 078', '2025-05-21 14:00:00', '00000000078', NULL, '1970-03-20', 55, 'client078@example.com', 'F'),
	(309, 'Client 079', '2025-05-21 14:00:00', '00000000079', NULL, '1970-03-21', 55, 'client079@example.com', 'F'),
	(310, 'Client 080', '2025-05-21 14:00:00', '00000000080', NULL, '1970-03-22', 55, 'client080@example.com', 'F'),
	(311, 'Client 081', '2025-05-21 14:00:00', '00000000081', NULL, '1970-03-23', 55, 'client081@example.com', 'F'),
	(312, 'Client 082', '2025-05-21 14:00:00', '00000000082', NULL, '1970-03-24', 55, 'client082@example.com', 'F'),
	(313, 'Client 083', '2025-05-21 14:00:00', '00000000083', NULL, '1970-03-25', 55, 'client083@example.com', 'F'),
	(314, 'Client 084', '2025-05-21 14:00:00', '00000000084', NULL, '1970-03-26', 55, 'client084@example.com', 'F'),
	(315, 'Client 085', '2025-05-21 14:00:00', '00000000085', NULL, '1970-03-27', 55, 'client085@example.com', 'F'),
	(316, 'Client 086', '2025-05-21 14:00:00', '00000000086', NULL, '1970-03-28', 55, 'client086@example.com', 'F'),
	(317, 'Client 087', '2025-05-21 14:00:00', '00000000087', NULL, '1970-03-29', 55, 'client087@example.com', 'F'),
	(318, 'Client 088', '2025-05-21 14:00:00', '00000000088', NULL, '1970-03-30', 55, 'client088@example.com', 'F'),
	(319, 'Client 089', '2025-05-21 14:00:00', '00000000089', NULL, '1970-03-31', 55, 'client089@example.com', 'F'),
	(320, 'Client 090', '2025-05-21 14:00:00', '00000000090', NULL, '1970-04-01', 55, 'client090@example.com', 'F'),
	(321, 'Client 091', '2025-05-21 14:00:00', '00000000091', NULL, '1970-04-02', 55, 'client091@example.com', 'F'),
	(322, 'Client 092', '2025-05-21 14:00:00', '00000000092', NULL, '1970-04-03', 55, 'client092@example.com', 'F'),
	(323, 'Client 093', '2025-05-21 14:00:00', '00000000093', NULL, '1970-04-04', 55, 'client093@example.com', 'F'),
	(324, 'Client 094', '2025-05-21 14:00:00', '00000000094', NULL, '1970-04-05', 55, 'client094@example.com', 'F'),
	(325, 'Client 095', '2025-05-21 14:00:00', '00000000095', NULL, '1970-04-06', 55, 'client095@example.com', 'F'),
	(326, 'Client 096', '2025-05-21 14:00:00', '00000000096', NULL, '1970-04-07', 55, 'client096@example.com', 'F'),
	(327, 'Client 097', '2025-05-21 14:00:00', '00000000097', NULL, '1970-04-08', 55, 'client097@example.com', 'F'),
	(328, 'Client 098', '2025-05-21 14:00:00', '00000000098', NULL, '1970-04-09', 55, 'client098@example.com', 'F'),
	(329, 'Client 099', '2025-05-21 14:00:00', '00000000099', NULL, '1970-04-10', 55, 'client099@example.com', 'F'),
	(330, 'Client 100', '2025-05-21 14:00:00', '00000000100', NULL, '1970-04-11', 55, 'client100@example.com', 'F'),
	(331, 'Client 001', '2025-05-21 14:00:00', '00000000001', NULL, '1970-01-02', 55, 'client001@example.com', 'F'),
	(332, 'Client 002', '2025-05-21 14:00:00', '00000000002', NULL, '1970-01-03', 55, 'client002@example.com', 'F'),
	(333, 'Client 003', '2025-05-21 14:00:00', '00000000003', NULL, '1970-01-04', 55, 'client003@example.com', 'F'),
	(334, 'Client 004', '2025-05-21 14:00:00', '00000000004', NULL, '1970-01-05', 55, 'client004@example.com', 'F'),
	(335, 'Client 005', '2025-05-21 14:00:00', '00000000005', NULL, '1970-01-06', 55, 'client005@example.com', 'F'),
	(336, 'Client 006', '2025-05-21 14:00:00', '00000000006', NULL, '1970-01-07', 55, 'client006@example.com', 'F'),
	(337, 'Client 007', '2025-05-21 14:00:00', '00000000007', NULL, '1970-01-08', 55, 'client007@example.com', 'F'),
	(338, 'Client 008', '2025-05-21 14:00:00', '00000000008', NULL, '1970-01-09', 55, 'client008@example.com', 'F'),
	(339, 'Client 009', '2025-05-21 14:00:00', '00000000009', NULL, '1970-01-10', 55, 'client009@example.com', 'F'),
	(340, 'Client 010', '2025-05-21 14:00:00', '00000000010', NULL, '1970-01-11', 55, 'client010@example.com', 'F'),
	(341, 'Client 011', '2025-05-21 14:00:00', '00000000011', NULL, '1970-01-12', 55, 'client011@example.com', 'F'),
	(342, 'Client 012', '2025-05-21 14:00:00', '00000000012', NULL, '1970-01-13', 55, 'client012@example.com', 'F'),
	(343, 'Client 013', '2025-05-21 14:00:00', '00000000013', NULL, '1970-01-14', 55, 'client013@example.com', 'F'),
	(344, 'Client 014', '2025-05-21 14:00:00', '00000000014', NULL, '1970-01-15', 55, 'client014@example.com', 'F'),
	(345, 'Client 015', '2025-05-21 14:00:00', '00000000015', NULL, '1970-01-16', 55, 'client015@example.com', 'F'),
	(346, 'Client 016', '2025-05-21 14:00:00', '00000000016', NULL, '1970-01-17', 55, 'client016@example.com', 'F'),
	(347, 'Client 017', '2025-05-21 14:00:00', '00000000017', NULL, '1970-01-18', 55, 'client017@example.com', 'F'),
	(348, 'Client 018', '2025-05-21 14:00:00', '00000000018', NULL, '1970-01-19', 55, 'client018@example.com', 'F'),
	(349, 'Client 019', '2025-05-21 14:00:00', '00000000019', NULL, '1970-01-20', 55, 'client019@example.com', 'F'),
	(350, 'Client 020', '2025-05-21 14:00:00', '00000000020', NULL, '1970-01-21', 55, 'client020@example.com', 'F'),
	(351, 'Client 021', '2025-05-21 14:00:00', '00000000021', NULL, '1970-01-22', 55, 'client021@example.com', 'F'),
	(352, 'Client 022', '2025-05-21 14:00:00', '00000000022', NULL, '1970-01-23', 55, 'client022@example.com', 'F'),
	(353, 'Client 023', '2025-05-21 14:00:00', '00000000023', NULL, '1970-01-24', 55, 'client023@example.com', 'F'),
	(354, 'Client 024', '2025-05-21 14:00:00', '00000000024', NULL, '1970-01-25', 55, 'client024@example.com', 'F'),
	(355, 'Client 025', '2025-05-21 14:00:00', '00000000025', NULL, '1970-01-26', 55, 'client025@example.com', 'F'),
	(356, 'Client 026', '2025-05-21 14:00:00', '00000000026', NULL, '1970-01-27', 55, 'client026@example.com', 'F'),
	(357, 'Client 027', '2025-05-21 14:00:00', '00000000027', NULL, '1970-01-28', 55, 'client027@example.com', 'F'),
	(358, 'Client 028', '2025-05-21 14:00:00', '00000000028', NULL, '1970-01-29', 55, 'client028@example.com', 'F'),
	(359, 'Client 029', '2025-05-21 14:00:00', '00000000029', NULL, '1970-01-30', 55, 'client029@example.com', 'F'),
	(360, 'Client 030', '2025-05-21 14:00:00', '00000000030', NULL, '1970-01-31', 55, 'client030@example.com', 'F'),
	(361, 'Client 031', '2025-05-21 14:00:00', '00000000031', NULL, '1970-02-01', 55, 'client031@example.com', 'F'),
	(362, 'Client 032', '2025-05-21 14:00:00', '00000000032', NULL, '1970-02-02', 55, 'client032@example.com', 'F'),
	(363, 'Client 033', '2025-05-21 14:00:00', '00000000033', NULL, '1970-02-03', 55, 'client033@example.com', 'F'),
	(364, 'Client 034', '2025-05-21 14:00:00', '00000000034', NULL, '1970-02-04', 55, 'client034@example.com', 'F'),
	(365, 'Client 035', '2025-05-21 14:00:00', '00000000035', NULL, '1970-02-05', 55, 'client035@example.com', 'F'),
	(366, 'Client 036', '2025-05-21 14:00:00', '00000000036', NULL, '1970-02-06', 55, 'client036@example.com', 'F'),
	(367, 'Client 037', '2025-05-21 14:00:00', '00000000037', NULL, '1970-02-07', 55, 'client037@example.com', 'F'),
	(368, 'Client 038', '2025-05-21 14:00:00', '00000000038', NULL, '1970-02-08', 55, 'client038@example.com', 'F'),
	(369, 'Client 039', '2025-05-21 14:00:00', '00000000039', NULL, '1970-02-09', 55, 'client039@example.com', 'F'),
	(370, 'Client 040', '2025-05-21 14:00:00', '00000000040', NULL, '1970-02-10', 55, 'client040@example.com', 'F'),
	(371, 'Client 041', '2025-05-21 14:00:00', '00000000041', NULL, '1970-02-11', 55, 'client041@example.com', 'F'),
	(372, 'Client 042', '2025-05-21 14:00:00', '00000000042', NULL, '1970-02-12', 55, 'client042@example.com', 'F'),
	(373, 'Client 043', '2025-05-21 14:00:00', '00000000043', NULL, '1970-02-13', 55, 'client043@example.com', 'F'),
	(374, 'Client 044', '2025-05-21 14:00:00', '00000000044', NULL, '1970-02-14', 55, 'client044@example.com', 'F'),
	(375, 'Client 045', '2025-05-21 14:00:00', '00000000045', NULL, '1970-02-15', 55, 'client045@example.com', 'F'),
	(376, 'Client 046', '2025-05-21 14:00:00', '00000000046', NULL, '1970-02-16', 55, 'client046@example.com', 'F'),
	(377, 'Client 047', '2025-05-21 14:00:00', '00000000047', NULL, '1970-02-17', 55, 'client047@example.com', 'F'),
	(378, 'Client 048', '2025-05-21 14:00:00', '00000000048', NULL, '1970-02-18', 55, 'client048@example.com', 'F'),
	(379, 'Client 049', '2025-05-21 14:00:00', '00000000049', NULL, '1970-02-19', 55, 'client049@example.com', 'F'),
	(380, 'Client 050', '2025-05-21 14:00:00', '00000000050', NULL, '1970-02-20', 55, 'client050@example.com', 'F'),
	(381, 'Client 051', '2025-05-21 14:00:00', '00000000051', NULL, '1970-02-21', 55, 'client051@example.com', 'F'),
	(382, 'Client 052', '2025-05-21 14:00:00', '00000000052', NULL, '1970-02-22', 55, 'client052@example.com', 'F'),
	(383, 'Client 053', '2025-05-21 14:00:00', '00000000053', NULL, '1970-02-23', 55, 'client053@example.com', 'F'),
	(384, 'Client 054', '2025-05-21 14:00:00', '00000000054', NULL, '1970-02-24', 55, 'client054@example.com', 'F'),
	(385, 'Client 055', '2025-05-21 14:00:00', '00000000055', NULL, '1970-02-25', 55, 'client055@example.com', 'F'),
	(386, 'Client 056', '2025-05-21 14:00:00', '00000000056', NULL, '1970-02-26', 55, 'client056@example.com', 'F'),
	(387, 'Client 057', '2025-05-21 14:00:00', '00000000057', NULL, '1970-02-27', 55, 'client057@example.com', 'F'),
	(388, 'Client 058', '2025-05-21 14:00:00', '00000000058', NULL, '1970-02-28', 55, 'client058@example.com', 'F'),
	(389, 'Client 059', '2025-05-21 14:00:00', '00000000059', NULL, '1970-03-01', 55, 'client059@example.com', 'F'),
	(390, 'Client 060', '2025-05-21 14:00:00', '00000000060', NULL, '1970-03-02', 55, 'client060@example.com', 'F'),
	(391, 'Client 061', '2025-05-21 14:00:00', '00000000061', NULL, '1970-03-03', 55, 'client061@example.com', 'F'),
	(392, 'Client 062', '2025-05-21 14:00:00', '00000000062', NULL, '1970-03-04', 55, 'client062@example.com', 'F'),
	(393, 'Client 063', '2025-05-21 14:00:00', '00000000063', NULL, '1970-03-05', 55, 'client063@example.com', 'F'),
	(394, 'Client 064', '2025-05-21 14:00:00', '00000000064', NULL, '1970-03-06', 55, 'client064@example.com', 'F'),
	(395, 'Client 065', '2025-05-21 14:00:00', '00000000065', NULL, '1970-03-07', 55, 'client065@example.com', 'F'),
	(396, 'Client 066', '2025-05-21 14:00:00', '00000000066', NULL, '1970-03-08', 55, 'client066@example.com', 'F'),
	(397, 'Client 067', '2025-05-21 14:00:00', '00000000067', NULL, '1970-03-09', 55, 'client067@example.com', 'F'),
	(398, 'Client 068', '2025-05-21 14:00:00', '00000000068', NULL, '1970-03-10', 55, 'client068@example.com', 'F'),
	(399, 'Client 069', '2025-05-21 14:00:00', '00000000069', NULL, '1970-03-11', 55, 'client069@example.com', 'F'),
	(400, 'Client 070', '2025-05-21 14:00:00', '00000000070', NULL, '1970-03-12', 55, 'client070@example.com', 'F'),
	(401, 'Client 071', '2025-05-21 14:00:00', '00000000071', NULL, '1970-03-13', 55, 'client071@example.com', 'F'),
	(402, 'Client 072', '2025-05-21 14:00:00', '00000000072', NULL, '1970-03-14', 55, 'client072@example.com', 'F'),
	(403, 'Client 073', '2025-05-21 14:00:00', '00000000073', NULL, '1970-03-15', 55, 'client073@example.com', 'F'),
	(404, 'Client 074', '2025-05-21 14:00:00', '00000000074', NULL, '1970-03-16', 55, 'client074@example.com', 'F'),
	(405, 'Client 075', '2025-05-21 14:00:00', '00000000075', NULL, '1970-03-17', 55, 'client075@example.com', 'F'),
	(406, 'Client 076', '2025-05-21 14:00:00', '00000000076', NULL, '1970-03-18', 55, 'client076@example.com', 'F'),
	(407, 'Client 077', '2025-05-21 14:00:00', '00000000077', NULL, '1970-03-19', 55, 'client077@example.com', 'F'),
	(408, 'Client 078', '2025-05-21 14:00:00', '00000000078', NULL, '1970-03-20', 55, 'client078@example.com', 'F'),
	(409, 'Client 079', '2025-05-21 14:00:00', '00000000079', NULL, '1970-03-21', 55, 'client079@example.com', 'F'),
	(410, 'Client 080', '2025-05-21 14:00:00', '00000000080', NULL, '1970-03-22', 55, 'client080@example.com', 'F'),
	(411, 'Client 081', '2025-05-21 14:00:00', '00000000081', NULL, '1970-03-23', 55, 'client081@example.com', 'F'),
	(412, 'Client 082', '2025-05-21 14:00:00', '00000000082', NULL, '1970-03-24', 55, 'client082@example.com', 'F'),
	(413, 'Client 083', '2025-05-21 14:00:00', '00000000083', NULL, '1970-03-25', 55, 'client083@example.com', 'F'),
	(414, 'Client 084', '2025-05-21 14:00:00', '00000000084', NULL, '1970-03-26', 55, 'client084@example.com', 'F'),
	(415, 'Client 085', '2025-05-21 14:00:00', '00000000085', NULL, '1970-03-27', 55, 'client085@example.com', 'F'),
	(416, 'Client 086', '2025-05-21 14:00:00', '00000000086', NULL, '1970-03-28', 55, 'client086@example.com', 'F'),
	(417, 'Client 087', '2025-05-21 14:00:00', '00000000087', NULL, '1970-03-29', 55, 'client087@example.com', 'F'),
	(418, 'Client 088', '2025-05-21 14:00:00', '00000000088', NULL, '1970-03-30', 55, 'client088@example.com', 'F'),
	(419, 'Client 089', '2025-05-21 14:00:00', '00000000089', NULL, '1970-03-31', 55, 'client089@example.com', 'F'),
	(420, 'Client 090', '2025-05-21 14:00:00', '00000000090', NULL, '1970-04-01', 55, 'client090@example.com', 'F'),
	(421, 'Client 091', '2025-05-21 14:00:00', '00000000091', NULL, '1970-04-02', 55, 'client091@example.com', 'F'),
	(422, 'Client 092', '2025-05-21 14:00:00', '00000000092', NULL, '1970-04-03', 55, 'client092@example.com', 'F'),
	(423, 'Client 093', '2025-05-21 14:00:00', '00000000093', NULL, '1970-04-04', 55, 'client093@example.com', 'F'),
	(424, 'Client 094', '2025-05-21 14:00:00', '00000000094', NULL, '1970-04-05', 55, 'client094@example.com', 'F'),
	(425, 'Client 095', '2025-05-21 14:00:00', '00000000095', NULL, '1970-04-06', 55, 'client095@example.com', 'F'),
	(426, 'Client 096', '2025-05-21 14:00:00', '00000000096', NULL, '1970-04-07', 55, 'client096@example.com', 'F'),
	(427, 'Client 097', '2025-05-21 14:00:00', '00000000097', NULL, '1970-04-08', 55, 'client097@example.com', 'F'),
	(428, 'Client 098', '2025-05-21 14:00:00', '00000000098', NULL, '1970-04-09', 55, 'client098@example.com', 'F'),
	(429, 'Client 099', '2025-05-21 14:00:00', '00000000099', NULL, '1970-04-10', 55, 'client099@example.com', 'F'),
	(430, 'Client 100', '2025-05-21 14:00:00', '00000000100', NULL, '1970-04-11', 55, 'client100@example.com', 'F'),
	(431, 'Client 001', '2025-05-21 14:00:00', '00000000001', NULL, '1970-01-02', 55, 'client001@example.com', 'F'),
	(432, 'Client 002', '2025-05-21 14:00:00', '00000000002', NULL, '1970-01-03', 55, 'client002@example.com', 'F'),
	(433, 'Client 003', '2025-05-21 14:00:00', '00000000003', NULL, '1970-01-04', 55, 'client003@example.com', 'F'),
	(434, 'Client 004', '2025-05-21 14:00:00', '00000000004', NULL, '1970-01-05', 55, 'client004@example.com', 'F'),
	(435, 'Client 005', '2025-05-21 14:00:00', '00000000005', NULL, '1970-01-06', 55, 'client005@example.com', 'F'),
	(436, 'Client 006', '2025-05-21 14:00:00', '00000000006', NULL, '1970-01-07', 55, 'client006@example.com', 'F'),
	(437, 'Client 007', '2025-05-21 14:00:00', '00000000007', NULL, '1970-01-08', 55, 'client007@example.com', 'F'),
	(438, 'Client 008', '2025-05-21 14:00:00', '00000000008', NULL, '1970-01-09', 55, 'client008@example.com', 'F'),
	(439, 'Client 009', '2025-05-21 14:00:00', '00000000009', NULL, '1970-01-10', 55, 'client009@example.com', 'F'),
	(440, 'Client 010', '2025-05-21 14:00:00', '00000000010', NULL, '1970-01-11', 55, 'client010@example.com', 'F'),
	(441, 'Client 011', '2025-05-21 14:00:00', '00000000011', NULL, '1970-01-12', 55, 'client011@example.com', 'F'),
	(442, 'Client 012', '2025-05-21 14:00:00', '00000000012', NULL, '1970-01-13', 55, 'client012@example.com', 'F'),
	(443, 'Client 013', '2025-05-21 14:00:00', '00000000013', NULL, '1970-01-14', 55, 'client013@example.com', 'F'),
	(444, 'Client 014', '2025-05-21 14:00:00', '00000000014', NULL, '1970-01-15', 55, 'client014@example.com', 'F'),
	(445, 'Client 015', '2025-05-21 14:00:00', '00000000015', NULL, '1970-01-16', 55, 'client015@example.com', 'F'),
	(446, 'Client 016', '2025-05-21 14:00:00', '00000000016', NULL, '1970-01-17', 55, 'client016@example.com', 'F'),
	(447, 'Client 017', '2025-05-21 14:00:00', '00000000017', NULL, '1970-01-18', 55, 'client017@example.com', 'F'),
	(448, 'Client 018', '2025-05-21 14:00:00', '00000000018', NULL, '1970-01-19', 55, 'client018@example.com', 'F'),
	(449, 'Client 019', '2025-05-21 14:00:00', '00000000019', NULL, '1970-01-20', 55, 'client019@example.com', 'F'),
	(450, 'Client 020', '2025-05-21 14:00:00', '00000000020', NULL, '1970-01-21', 55, 'client020@example.com', 'F'),
	(451, 'Client 021', '2025-05-21 14:00:00', '00000000021', NULL, '1970-01-22', 55, 'client021@example.com', 'F'),
	(452, 'Client 022', '2025-05-21 14:00:00', '00000000022', NULL, '1970-01-23', 55, 'client022@example.com', 'F'),
	(453, 'Client 023', '2025-05-21 14:00:00', '00000000023', NULL, '1970-01-24', 55, 'client023@example.com', 'F'),
	(454, 'Client 024', '2025-05-21 14:00:00', '00000000024', NULL, '1970-01-25', 55, 'client024@example.com', 'F'),
	(455, 'Client 025', '2025-05-21 14:00:00', '00000000025', NULL, '1970-01-26', 55, 'client025@example.com', 'F'),
	(456, 'Client 026', '2025-05-21 14:00:00', '00000000026', NULL, '1970-01-27', 55, 'client026@example.com', 'F'),
	(457, 'Client 027', '2025-05-21 14:00:00', '00000000027', NULL, '1970-01-28', 55, 'client027@example.com', 'F'),
	(458, 'Client 028', '2025-05-21 14:00:00', '00000000028', NULL, '1970-01-29', 55, 'client028@example.com', 'F'),
	(459, 'Client 029', '2025-05-21 14:00:00', '00000000029', NULL, '1970-01-30', 55, 'client029@example.com', 'F'),
	(460, 'Client 030', '2025-05-21 14:00:00', '00000000030', NULL, '1970-01-31', 55, 'client030@example.com', 'F'),
	(461, 'Client 031', '2025-05-21 14:00:00', '00000000031', NULL, '1970-02-01', 55, 'client031@example.com', 'F'),
	(462, 'Client 032', '2025-05-21 14:00:00', '00000000032', NULL, '1970-02-02', 55, 'client032@example.com', 'F'),
	(463, 'Client 033', '2025-05-21 14:00:00', '00000000033', NULL, '1970-02-03', 55, 'client033@example.com', 'F'),
	(464, 'Client 034', '2025-05-21 14:00:00', '00000000034', NULL, '1970-02-04', 55, 'client034@example.com', 'F'),
	(465, 'Client 035', '2025-05-21 14:00:00', '00000000035', NULL, '1970-02-05', 55, 'client035@example.com', 'F'),
	(466, 'Client 036', '2025-05-21 14:00:00', '00000000036', NULL, '1970-02-06', 55, 'client036@example.com', 'F'),
	(467, 'Client 037', '2025-05-21 14:00:00', '00000000037', NULL, '1970-02-07', 55, 'client037@example.com', 'F'),
	(468, 'Client 038', '2025-05-21 14:00:00', '00000000038', NULL, '1970-02-08', 55, 'client038@example.com', 'F'),
	(469, 'Client 039', '2025-05-21 14:00:00', '00000000039', NULL, '1970-02-09', 55, 'client039@example.com', 'F'),
	(470, 'Client 040', '2025-05-21 14:00:00', '00000000040', NULL, '1970-02-10', 55, 'client040@example.com', 'F'),
	(471, 'Client 041', '2025-05-21 14:00:00', '00000000041', NULL, '1970-02-11', 55, 'client041@example.com', 'F'),
	(472, 'Client 042', '2025-05-21 14:00:00', '00000000042', NULL, '1970-02-12', 55, 'client042@example.com', 'F'),
	(473, 'Client 043', '2025-05-21 14:00:00', '00000000043', NULL, '1970-02-13', 55, 'client043@example.com', 'F'),
	(474, 'Client 044', '2025-05-21 14:00:00', '00000000044', NULL, '1970-02-14', 55, 'client044@example.com', 'F'),
	(475, 'Client 045', '2025-05-21 14:00:00', '00000000045', NULL, '1970-02-15', 55, 'client045@example.com', 'F'),
	(476, 'Client 046', '2025-05-21 14:00:00', '00000000046', NULL, '1970-02-16', 55, 'client046@example.com', 'F'),
	(477, 'Client 047', '2025-05-21 14:00:00', '00000000047', NULL, '1970-02-17', 55, 'client047@example.com', 'F'),
	(478, 'Client 048', '2025-05-21 14:00:00', '00000000048', NULL, '1970-02-18', 55, 'client048@example.com', 'F'),
	(479, 'Client 049', '2025-05-21 14:00:00', '00000000049', NULL, '1970-02-19', 55, 'client049@example.com', 'F'),
	(480, 'Client 050', '2025-05-21 14:00:00', '00000000050', NULL, '1970-02-20', 55, 'client050@example.com', 'F'),
	(481, 'Client 051', '2025-05-21 14:00:00', '00000000051', NULL, '1970-02-21', 55, 'client051@example.com', 'F'),
	(482, 'Client 052', '2025-05-21 14:00:00', '00000000052', NULL, '1970-02-22', 55, 'client052@example.com', 'F'),
	(483, 'Client 053', '2025-05-21 14:00:00', '00000000053', NULL, '1970-02-23', 55, 'client053@example.com', 'F'),
	(484, 'Client 054', '2025-05-21 14:00:00', '00000000054', NULL, '1970-02-24', 55, 'client054@example.com', 'F'),
	(485, 'Client 055', '2025-05-21 14:00:00', '00000000055', NULL, '1970-02-25', 55, 'client055@example.com', 'F'),
	(486, 'Client 056', '2025-05-21 14:00:00', '00000000056', NULL, '1970-02-26', 55, 'client056@example.com', 'F'),
	(487, 'Client 057', '2025-05-21 14:00:00', '00000000057', NULL, '1970-02-27', 55, 'client057@example.com', 'F'),
	(488, 'Client 058', '2025-05-21 14:00:00', '00000000058', NULL, '1970-02-28', 55, 'client058@example.com', 'F'),
	(489, 'Client 059', '2025-05-21 14:00:00', '00000000059', NULL, '1970-03-01', 55, 'client059@example.com', 'F'),
	(490, 'Client 060', '2025-05-21 14:00:00', '00000000060', NULL, '1970-03-02', 55, 'client060@example.com', 'F'),
	(491, 'Client 061', '2025-05-21 14:00:00', '00000000061', NULL, '1970-03-03', 55, 'client061@example.com', 'F'),
	(492, 'Client 062', '2025-05-21 14:00:00', '00000000062', NULL, '1970-03-04', 55, 'client062@example.com', 'F'),
	(493, 'Client 063', '2025-05-21 14:00:00', '00000000063', NULL, '1970-03-05', 55, 'client063@example.com', 'F'),
	(494, 'Client 064', '2025-05-21 14:00:00', '00000000064', NULL, '1970-03-06', 55, 'client064@example.com', 'F'),
	(495, 'Client 065', '2025-05-21 14:00:00', '00000000065', NULL, '1970-03-07', 55, 'client065@example.com', 'F'),
	(496, 'Client 066', '2025-05-21 14:00:00', '00000000066', NULL, '1970-03-08', 55, 'client066@example.com', 'F'),
	(497, 'Client 067', '2025-05-21 14:00:00', '00000000067', NULL, '1970-03-09', 55, 'client067@example.com', 'F'),
	(498, 'Client 068', '2025-05-21 14:00:00', '00000000068', NULL, '1970-03-10', 55, 'client068@example.com', 'F'),
	(499, 'Client 069', '2025-05-21 14:00:00', '00000000069', NULL, '1970-03-11', 55, 'client069@example.com', 'F'),
	(500, 'Client 070', '2025-05-21 14:00:00', '00000000070', NULL, '1970-03-12', 55, 'client070@example.com', 'F'),
	(501, 'Client 071', '2025-05-21 14:00:00', '00000000071', NULL, '1970-03-13', 55, 'client071@example.com', 'F'),
	(502, 'Client 072', '2025-05-21 14:00:00', '00000000072', NULL, '1970-03-14', 55, 'client072@example.com', 'F'),
	(503, 'Client 073', '2025-05-21 14:00:00', '00000000073', NULL, '1970-03-15', 55, 'client073@example.com', 'F'),
	(504, 'Client 074', '2025-05-21 14:00:00', '00000000074', NULL, '1970-03-16', 55, 'client074@example.com', 'F'),
	(505, 'Client 075', '2025-05-21 14:00:00', '00000000075', NULL, '1970-03-17', 55, 'client075@example.com', 'F'),
	(506, 'Client 076', '2025-05-21 14:00:00', '00000000076', NULL, '1970-03-18', 55, 'client076@example.com', 'F'),
	(507, 'Client 077', '2025-05-21 14:00:00', '00000000077', NULL, '1970-03-19', 55, 'client077@example.com', 'F'),
	(508, 'Client 078', '2025-05-21 14:00:00', '00000000078', NULL, '1970-03-20', 55, 'client078@example.com', 'F'),
	(509, 'Client 079', '2025-05-21 14:00:00', '00000000079', NULL, '1970-03-21', 55, 'client079@example.com', 'F'),
	(510, 'Client 080', '2025-05-21 14:00:00', '00000000080', NULL, '1970-03-22', 55, 'client080@example.com', 'F'),
	(511, 'Client 081', '2025-05-21 14:00:00', '00000000081', NULL, '1970-03-23', 55, 'client081@example.com', 'F'),
	(512, 'Client 082', '2025-05-21 14:00:00', '00000000082', NULL, '1970-03-24', 55, 'client082@example.com', 'F'),
	(513, 'Client 083', '2025-05-21 14:00:00', '00000000083', NULL, '1970-03-25', 55, 'client083@example.com', 'F'),
	(514, 'Client 084', '2025-05-21 14:00:00', '00000000084', NULL, '1970-03-26', 55, 'client084@example.com', 'F'),
	(515, 'Client 085', '2025-05-21 14:00:00', '00000000085', NULL, '1970-03-27', 55, 'client085@example.com', 'F'),
	(516, 'Client 086', '2025-05-21 14:00:00', '00000000086', NULL, '1970-03-28', 55, 'client086@example.com', 'F'),
	(517, 'Client 087', '2025-05-21 14:00:00', '00000000087', NULL, '1970-03-29', 55, 'client087@example.com', 'F'),
	(518, 'Client 088', '2025-05-21 14:00:00', '00000000088', NULL, '1970-03-30', 55, 'client088@example.com', 'F'),
	(519, 'Client 089', '2025-05-21 14:00:00', '00000000089', NULL, '1970-03-31', 55, 'client089@example.com', 'F'),
	(520, 'Client 090', '2025-05-21 14:00:00', '00000000090', NULL, '1970-04-01', 55, 'client090@example.com', 'F'),
	(521, 'Client 091', '2025-05-21 14:00:00', '00000000091', NULL, '1970-04-02', 55, 'client091@example.com', 'F'),
	(522, 'Client 092', '2025-05-21 14:00:00', '00000000092', NULL, '1970-04-03', 55, 'client092@example.com', 'F'),
	(523, 'Client 093', '2025-05-21 14:00:00', '00000000093', NULL, '1970-04-04', 55, 'client093@example.com', 'F'),
	(524, 'Client 094', '2025-05-21 14:00:00', '00000000094', NULL, '1970-04-05', 55, 'client094@example.com', 'F'),
	(525, 'Client 095', '2025-05-21 14:00:00', '00000000095', NULL, '1970-04-06', 55, 'client095@example.com', 'F'),
	(526, 'Client 096', '2025-05-21 14:00:00', '00000000096', NULL, '1970-04-07', 55, 'client096@example.com', 'F'),
	(527, 'Client 097', '2025-05-21 14:00:00', '00000000097', NULL, '1970-04-08', 55, 'client097@example.com', 'F'),
	(528, 'Client 098', '2025-05-21 14:00:00', '00000000098', NULL, '1970-04-09', 55, 'client098@example.com', 'F'),
	(529, 'Client 099', '2025-05-21 14:00:00', '00000000099', NULL, '1970-04-10', 55, 'client099@example.com', 'F'),
	(530, 'Client 100', '2025-05-21 14:00:00', '00000000100', NULL, '1970-04-11', 55, 'client100@example.com', 'F'),
	(531, '', '0000-00-00 00:00:00', NULL, NULL, '0000-00-00', 0, NULL, 'J'),
	(532, '', '0000-00-00 00:00:00', NULL, NULL, '0000-00-00', 0, NULL, 'J'),
	(533, '', '0000-00-00 00:00:00', NULL, NULL, '0000-00-00', 0, NULL, 'J'),
	(534, 'Kelvin Pilger', '0000-00-00 00:00:00', NULL, NULL, '2005-09-07', 19, NULL, 'J'),
	(535, '31231321', '0000-00-00 00:00:00', '312313131', '', '2005-09-07', 19, NULL, 'F'),
	(536, '23131231', '0000-00-00 00:00:00', '313131313', '', '2005-09-07', 19, NULL, 'F'),
	(537, '312131322', '0000-00-00 00:00:00', '1313131', '', '0000-00-00', 0, NULL, 'F'),
	(538, '312131322', '0000-00-00 00:00:00', '1313131', '', '0000-00-00', 0, NULL, 'F'),
	(539, '312131322', '0000-00-00 00:00:00', '1313131', '', '0000-00-00', 0, NULL, 'F'),
	(540, '312131322', '0000-00-00 00:00:00', '1313131', '', '0000-00-00', 0, NULL, 'F'),
	(541, '231312231', '0000-00-00 00:00:00', '313131', '', '0000-00-00', 0, NULL, 'F'),
	(542, 'wdawdad', '0000-00-00 00:00:00', '32131313131', '', '2005-09-07', 19, NULL, 'F'),
	(543, 'wdawdad', '0000-00-00 00:00:00', '32131313131', '', '2005-09-07', 19, NULL, 'F'),
	(544, 'adwawdawda', '0000-00-00 00:00:00', '312.313.123-13', '', '0000-00-00', 0, NULL, 'F'),
	(545, 'adwawdawda', '0000-00-00 00:00:00', '312.313.123-13', '', '0000-00-00', 0, NULL, 'F'),
	(546, '231312231', '0000-00-00 00:00:00', '313131', '', '0000-00-00', 0, NULL, 'F'),
	(547, '231312231', '0000-00-00 00:00:00', '313131', '', '0000-00-00', 0, NULL, 'F'),
	(548, '231312231', '0000-00-00 00:00:00', '313131', '', '0000-00-00', 0, NULL, 'F'),
	(549, '231312231', '0000-00-00 00:00:00', '313131', '', '0000-00-00', 0, NULL, 'F'),
	(550, '231312231', '0000-00-00 00:00:00', '313131', '', '0000-00-00', 0, NULL, 'F'),
	(551, '231312231', '0000-00-00 00:00:00', '313131', '', '0000-00-00', 0, NULL, 'F'),
	(552, '231312231', '0000-00-00 00:00:00', '313131', '', '0000-00-00', 0, NULL, 'F'),
	(553, '231312231', '0000-00-00 00:00:00', '313131', '', '0000-00-00', 0, NULL, 'F'),
	(554, 'Teste', '0000-00-00 00:00:00', '10209301', '', '2005-09-07', 19, NULL, 'F'),
	(555, 'Teste', '0000-00-00 00:00:00', '10209301', '', '2005-09-07', 19, NULL, 'F'),
	(556, 'dadwawwda', '0000-00-00 00:00:00', '31232131', '', '0000-00-00', 0, NULL, 'F'),
	(557, 'Kelvin Pilger', '0000-00-00 00:00:00', '109.827.649-36', '', '2005-09-07', 19, NULL, 'F'),
	(558, 'Teste', '0000-00-00 00:00:00', '1', '', '0000-00-00', 0, NULL, 'F'),
	(559, 'Teste', '0000-00-00 00:00:00', '1', '', '0000-00-00', 0, NULL, 'F'),
	(560, 'Teste', '0000-00-00 00:00:00', '1', '', '0000-00-00', 0, NULL, 'F'),
	(561, 'Teste', '0000-00-00 00:00:00', '1', '', '0000-00-00', 0, NULL, 'F'),
	(562, 'Teste', '0000-00-00 00:00:00', '1', '', '0000-00-00', 0, NULL, 'F'),
	(563, 'Teste', '0000-00-00 00:00:00', '1', '', '0000-00-00', 0, NULL, 'F'),
	(564, '1', '0000-00-00 00:00:00', '1', '', '0000-00-00', 0, NULL, 'F'),
	(565, '1', '0000-00-00 00:00:00', '1', '', '0000-00-00', 0, NULL, 'F'),
	(566, '1', '0000-00-00 00:00:00', '1', '', '0000-00-00', 0, NULL, 'F'),
	(567, '1', '0000-00-00 00:00:00', '1', '', '0000-00-00', 0, NULL, 'F'),
	(568, '1', '0000-00-00 00:00:00', '1', '', '0000-00-00', 0, NULL, 'F'),
	(569, '1', '0000-00-00 00:00:00', '1', '', '0000-00-00', 0, NULL, 'F'),
	(570, '1', '0000-00-00 00:00:00', '1', '', '0000-00-00', 0, NULL, 'F'),
	(571, '1', '0000-00-00 00:00:00', '1', '', '0000-00-00', 0, NULL, 'F'),
	(572, '1', '0000-00-00 00:00:00', '1', '', '0000-00-00', 0, NULL, 'F'),
	(573, '2', '0000-00-00 00:00:00', '2', '', '0000-00-00', 0, NULL, 'F'),
	(574, '3', '0000-00-00 00:00:00', '3', '', '0000-00-00', 0, NULL, 'F'),
	(575, '1', '0000-00-00 00:00:00', '1', '', '0000-00-00', 0, NULL, 'F'),
	(576, '1', '0000-00-00 00:00:00', '1', '', '0000-00-00', 0, NULL, 'F'),
	(577, '3', '0000-00-00 00:00:00', '3', '', '0000-00-00', 0, NULL, 'F'),
	(578, '3', '0000-00-00 00:00:00', '3', '', '0000-00-00', 0, NULL, 'F'),
	(579, '3', '0000-00-00 00:00:00', '3', '', '0000-00-00', 0, NULL, 'F'),
	(580, '3', '0000-00-00 00:00:00', '3', '', '0000-00-00', 0, NULL, 'F'),
	(581, '3', '0000-00-00 00:00:00', '3', '', '0000-00-00', 0, NULL, 'F'),
	(582, '3', '0000-00-00 00:00:00', '3', '', '0000-00-00', 0, NULL, 'F'),
	(583, '3', '0000-00-00 00:00:00', '3', '', '0000-00-00', 0, NULL, 'F'),
	(584, '3', '0000-00-00 00:00:00', '3', '', '0000-00-00', 0, NULL, 'F'),
	(585, '3', '0000-00-00 00:00:00', '3', '', '0000-00-00', 0, NULL, 'F'),
	(586, '3', '0000-00-00 00:00:00', '3', '', '0000-00-00', 0, NULL, 'F'),
	(587, '3', '0000-00-00 00:00:00', '3', '', '0000-00-00', 0, NULL, 'F'),
	(588, '3', '0000-00-00 00:00:00', '3', '', '0000-00-00', 0, NULL, 'F'),
	(589, '3', '0000-00-00 00:00:00', '3', '', '0000-00-00', 0, NULL, 'F'),
	(590, '3', '0000-00-00 00:00:00', '3', '', '0000-00-00', 0, NULL, 'F'),
	(591, '3', '0000-00-00 00:00:00', '3', '', '0000-00-00', 0, NULL, 'F'),
	(592, '3', '0000-00-00 00:00:00', '3', '', '0000-00-00', 0, NULL, 'F'),
	(593, '3', '0000-00-00 00:00:00', '3', '', '0000-00-00', 0, NULL, 'F'),
	(594, '3', '0000-00-00 00:00:00', '3', '', '0000-00-00', 0, NULL, 'F'),
	(595, '3', '0000-00-00 00:00:00', '3', '', '0000-00-00', 0, NULL, 'F'),
	(596, '3', '0000-00-00 00:00:00', '3', '', '0000-00-00', 0, NULL, 'F'),
	(597, '3', '0000-00-00 00:00:00', '3', '', '0000-00-00', 0, NULL, 'F'),
	(598, '3', '0000-00-00 00:00:00', '3', '', '0000-00-00', 0, NULL, 'F'),
	(599, '3', '0000-00-00 00:00:00', '3', '', '0000-00-00', 0, NULL, 'F'),
	(600, '3', '0000-00-00 00:00:00', '3', '', '0000-00-00', 0, NULL, 'F'),
	(601, '3', '0000-00-00 00:00:00', '3', '', '0000-00-00', 0, NULL, 'F'),
	(602, 'awdwad', '0000-00-00 00:00:00', 'awdawda', '', '0000-00-00', 0, NULL, 'F'),
	(603, 'awdwad', '0000-00-00 00:00:00', 'awdawda', '', '0000-00-00', 0, NULL, 'F'),
	(604, 'awdwad', '0000-00-00 00:00:00', 'awdawda', '', '0000-00-00', 0, NULL, 'F'),
	(605, 'awdwad', '0000-00-00 00:00:00', 'awdawda', '', '0000-00-00', 0, NULL, 'F'),
	(606, 'awdwad', '0000-00-00 00:00:00', 'awdawda', '', '0000-00-00', 0, NULL, 'F'),
	(607, 'awdwad', '0000-00-00 00:00:00', 'awdawda', '', '0000-00-00', 0, NULL, 'F'),
	(608, 'awdwad', '0000-00-00 00:00:00', 'awdawda', '', '0000-00-00', 0, NULL, 'F'),
	(609, '1', '0000-00-00 00:00:00', '1', NULL, '0000-00-00', 0, NULL, 'F'),
	(610, '1', '0000-00-00 00:00:00', '123', NULL, '0000-00-00', 0, NULL, 'F'),
	(611, '1', '0000-00-00 00:00:00', '123', NULL, '0000-00-00', 0, NULL, 'F'),
	(612, '1', '0000-00-00 00:00:00', '1', NULL, '0000-00-00', 0, NULL, 'F'),
	(613, '1', '0000-00-00 00:00:00', '1', NULL, '0000-00-00', 0, NULL, 'F'),
	(614, '1', '0000-00-00 00:00:00', '11111', NULL, '0000-00-00', 0, NULL, 'F'),
	(615, '1', '0000-00-00 00:00:00', '11111', NULL, '0000-00-00', 0, NULL, 'F'),
	(616, '1', '0000-00-00 00:00:00', '11111', NULL, '0000-00-00', 0, NULL, 'F'),
	(617, '1', '0000-00-00 00:00:00', '1123131', NULL, '0000-00-00', 0, NULL, 'F'),
	(618, '1', '0000-00-00 00:00:00', '1123131', NULL, '0000-00-00', 0, NULL, 'F'),
	(619, '1213131', '0000-00-00 00:00:00', '3213131', NULL, '0000-00-00', 0, NULL, 'F'),
	(620, '32131', '0000-00-00 00:00:00', NULL, '17.089.484/0001-9', '0000-00-00', 0, NULL, 'J'),
	(621, '32131', '0000-00-00 00:00:00', NULL, '17.089.484/0001-9', '0000-00-00', 0, NULL, 'J'),
	(622, '32131', '0000-00-00 00:00:00', NULL, '17089484000190', '0000-00-00', 0, NULL, 'J'),
	(623, 'dawdad', '0000-00-00 00:00:00', '1', NULL, '0000-00-00', 0, NULL, 'F'),
	(624, 'Kelvin', '0000-00-00 00:00:00', '10982764936', NULL, '2005-09-07', 19, NULL, 'F'),
	(625, '321', '0000-00-00 00:00:00', NULL, '123.131.313-131', '2000-09-07', 24, NULL, 'J'),
	(626, '321', '0000-00-00 00:00:00', NULL, '123.131.313-131', '2000-09-07', 24, NULL, 'J'),
	(627, '321', '0000-00-00 00:00:00', NULL, '123.131.313-131', '2000-09-07', 24, NULL, 'J'),
	(628, '321', '0000-00-00 00:00:00', NULL, '123.131.313-131', '2000-09-07', 24, NULL, 'J'),
	(629, '', '0000-00-00 00:00:00', NULL, NULL, '0000-00-00', 0, NULL, 'J'),
	(630, '', '0000-00-00 00:00:00', NULL, NULL, '0000-00-00', 0, NULL, 'J'),
	(631, '', '0000-00-00 00:00:00', NULL, NULL, '0000-00-00', 0, NULL, 'J'),
	(632, '', '0000-00-00 00:00:00', NULL, NULL, '0000-00-00', 0, NULL, 'J'),
	(633, '', '0000-00-00 00:00:00', NULL, NULL, '0000-00-00', 0, NULL, 'J'),
	(634, '', '0000-00-00 00:00:00', NULL, NULL, '0000-00-00', 0, NULL, 'J'),
	(635, '', '0000-00-00 00:00:00', NULL, NULL, '0000-00-00', 0, NULL, 'J'),
	(636, '', '0000-00-00 00:00:00', NULL, NULL, '0000-00-00', 0, NULL, 'J'),
	(637, '', '0000-00-00 00:00:00', NULL, NULL, '0000-00-00', 0, NULL, 'J'),
	(638, '', '0000-00-00 00:00:00', NULL, NULL, '0000-00-00', 0, NULL, 'J'),
	(639, '', '0000-00-00 00:00:00', NULL, NULL, '0000-00-00', 0, NULL, 'J'),
	(640, '', '0000-00-00 00:00:00', NULL, NULL, '0000-00-00', 0, NULL, 'J'),
	(641, '', '0000-00-00 00:00:00', NULL, NULL, '0000-00-00', 0, NULL, 'J'),
	(642, '', '0000-00-00 00:00:00', NULL, NULL, '0000-00-00', 0, NULL, 'J'),
	(643, '', '0000-00-00 00:00:00', NULL, NULL, '0000-00-00', 0, NULL, 'J'),
	(644, '', '0000-00-00 00:00:00', NULL, NULL, '0000-00-00', 0, NULL, 'J'),
	(645, '', '0000-00-00 00:00:00', NULL, NULL, '0000-00-00', 0, NULL, 'J'),
	(646, '', '0000-00-00 00:00:00', NULL, NULL, '0000-00-00', 0, NULL, 'J'),
	(647, '', '0000-00-00 00:00:00', NULL, NULL, '0000-00-00', 0, NULL, 'J'),
	(648, '', '0000-00-00 00:00:00', NULL, NULL, '0000-00-00', 0, NULL, 'J'),
	(649, '', '0000-00-00 00:00:00', NULL, NULL, '0000-00-00', 0, NULL, 'J'),
	(650, '', '0000-00-00 00:00:00', NULL, NULL, '0000-00-00', 0, NULL, 'J'),
	(651, '', '0000-00-00 00:00:00', NULL, NULL, '0000-00-00', 0, NULL, 'J'),
	(652, '', '0000-00-00 00:00:00', NULL, NULL, '0000-00-00', 0, NULL, 'J'),
	(653, '', '0000-00-00 00:00:00', NULL, NULL, '0000-00-00', 0, NULL, 'J'),
	(654, '', '0000-00-00 00:00:00', NULL, NULL, '0000-00-00', 0, NULL, 'J'),
	(655, '', '0000-00-00 00:00:00', NULL, NULL, '0000-00-00', 0, NULL, 'J'),
	(656, '', '0000-00-00 00:00:00', NULL, NULL, '0000-00-00', 0, NULL, 'J'),
	(657, '', '0000-00-00 00:00:00', NULL, NULL, '0000-00-00', 0, NULL, 'J'),
	(658, '', '0000-00-00 00:00:00', NULL, NULL, '0000-00-00', 0, NULL, 'J'),
	(659, '', '0000-00-00 00:00:00', NULL, NULL, '0000-00-00', 0, NULL, 'J'),
	(660, '', '0000-00-00 00:00:00', NULL, NULL, '0000-00-00', 0, NULL, 'J'),
	(661, '', '0000-00-00 00:00:00', NULL, NULL, '0000-00-00', 0, NULL, 'J'),
	(662, '', '0000-00-00 00:00:00', NULL, NULL, '0000-00-00', 0, NULL, 'J'),
	(663, '', '0000-00-00 00:00:00', NULL, NULL, '0000-00-00', 0, NULL, 'J'),
	(664, '', '0000-00-00 00:00:00', NULL, NULL, '0000-00-00', 0, NULL, 'J'),
	(665, '', '0000-00-00 00:00:00', NULL, NULL, '0000-00-00', 0, NULL, 'J'),
	(666, '', '0000-00-00 00:00:00', NULL, NULL, '0000-00-00', 0, NULL, 'J'),
	(667, '', '0000-00-00 00:00:00', NULL, NULL, '0000-00-00', 0, NULL, 'J'),
	(668, '', '0000-00-00 00:00:00', NULL, NULL, '0000-00-00', 0, NULL, 'J'),
	(669, '', '0000-00-00 00:00:00', NULL, NULL, '0000-00-00', 0, NULL, 'J'),
	(670, '', '0000-00-00 00:00:00', NULL, NULL, '0000-00-00', 0, NULL, 'J'),
	(671, '', '0000-00-00 00:00:00', NULL, NULL, '0000-00-00', 0, NULL, 'J'),
	(672, '', '0000-00-00 00:00:00', NULL, NULL, '0000-00-00', 0, NULL, 'J'),
	(673, '', '0000-00-00 00:00:00', NULL, NULL, '0000-00-00', 0, NULL, 'J'),
	(674, '', '0000-00-00 00:00:00', NULL, NULL, '0000-00-00', 0, NULL, 'J'),
	(675, '', '0000-00-00 00:00:00', NULL, NULL, '0000-00-00', 0, NULL, 'J'),
	(676, 'Andrei Rigones', '0000-00-00 00:00:00', '109.827.649-36', NULL, '2005-09-07', 19, NULL, 'F'),
	(677, 'Andrei Rigones', '0000-00-00 00:00:00', '109.827.649-36', NULL, '2005-09-07', 19, NULL, 'F'),
	(678, 'Alex Bruno', '0000-00-00 00:00:00', '109.827.649-36', NULL, '2005-09-07', 19, NULL, 'F'),
	(679, 'Alex Bruno', '0000-00-00 00:00:00', '109.827.649-36', NULL, '2005-09-07', 19, NULL, 'F'),
	(680, 'dwadawda', '0000-00-00 00:00:00', '123.131.231-31', NULL, '0000-00-00', 0, NULL, 'F'),
	(681, 'dwadawda', '0000-00-00 00:00:00', '123.131.231-31', NULL, '0000-00-00', 0, NULL, 'F'),
	(682, 'dwadawda', '0000-00-00 00:00:00', '123.131.231-31', NULL, '8205-09-07', 6180, NULL, 'F'),
	(683, 'Kelvin', '0000-00-00 00:00:00', '109.827.649-36', NULL, '2005-09-07', 19, NULL, 'F'),
	(684, 'Kelvin', '0000-00-00 00:00:00', '109.827.649-36', NULL, '2005-09-07', 19, NULL, 'F'),
	(685, 'Kelvin', '0000-00-00 00:00:00', '109.827.649-36', NULL, '2005-09-07', 19, NULL, 'F'),
	(686, 'Alex Burno', '0000-00-00 00:00:00', '109.827.649-36', NULL, '2005-09-07', 19, NULL, 'F'),
	(687, 'Alex Burno', '0000-00-00 00:00:00', '109.827.649-36', NULL, '2005-09-07', 19, NULL, 'F'),
	(688, 'Alex Bruno', '0000-00-00 00:00:00', '109.827.649-36', NULL, '2025-02-15', 0, NULL, 'F'),
	(689, 'Kelvin M Pilger', '0000-00-00 00:00:00', '109.827.649-36', NULL, '2005-09-07', 19, NULL, 'F'),
	(690, '3213123131', '0000-00-00 00:00:00', NULL, '213.131.313-13131', '2005-09-07', 19, NULL, 'J'),
	(691, '3213123131', '0000-00-00 00:00:00', NULL, '213.131.313-13131', '2005-09-07', 19, NULL, 'J'),
	(692, '3213123131', '0000-00-00 00:00:00', NULL, '213.131.313-13131', '2005-09-07', 19, NULL, 'J'),
	(693, '3213123131', '0000-00-00 00:00:00', NULL, '213.131.313-13131', '2005-09-07', 19, NULL, 'J'),
	(694, '3213123131', '0000-00-00 00:00:00', NULL, '213.131.313-13131', '2005-09-07', 19, NULL, 'J'),
	(695, '3213123131', '0000-00-00 00:00:00', NULL, '213.131.313-13131', '2005-09-07', 19, NULL, 'J'),
	(696, '3213131', '0000-00-00 00:00:00', NULL, '321.313.131-31313', '0000-00-00', 0, NULL, 'J'),
	(697, 'dwadadadad', '0000-00-00 00:00:00', '1231231312', NULL, '0000-00-00', 0, NULL, 'F'),
	(698, 'Alex Bruno', '0000-00-00 00:00:00', '104.139.569-89', NULL, '2005-11-28', 19, NULL, 'F'),
	(699, 'Lemores', '2025-06-17 16:39:37', '109.827.649-36', NULL, '2005-02-12', 20, NULL, 'F');

-- Dumping structure for table db_servfacil.contacts
DROP TABLE IF EXISTS `contacts`;
CREATE TABLE IF NOT EXISTS `contacts` (
  `id` int(11) NOT NULL AUTO_INCREMENT,
  `ctt_type` char(1) NOT NULL,
  `contact` varchar(70) NOT NULL,
  `person_id` int(11) NOT NULL,
  `created_at` datetime DEFAULT NULL,
  PRIMARY KEY (`id`),
  KEY `fk_person` (`person_id`),
  CONSTRAINT `fk_person` FOREIGN KEY (`person_id`) REFERENCES `clients` (`id`)
) ENGINE=InnoDB AUTO_INCREMENT=175 DEFAULT CHARSET=utf8mb4 COLLATE=utf8mb4_general_ci;

-- Dumping data for table db_servfacil.contacts: ~152 rows (approximately)
DELETE FROM `contacts`;
INSERT INTO `contacts` (`id`, `ctt_type`, `contact`, `person_id`, `created_at`) VALUES
	(23, 'C', '1', 565, '2025-06-04 16:57:28'),
	(24, 'C', '1', 566, '2025-06-04 16:57:32'),
	(25, 'C', '1', 567, '2025-06-04 16:59:01'),
	(26, 'C', '1', 568, '2025-06-04 17:05:25'),
	(27, 'C', '1', 569, '2025-06-04 17:08:59'),
	(28, 'C', '1', 570, '2025-06-04 17:09:08'),
	(29, 'C', '1', 571, '2025-06-04 17:13:56'),
	(30, 'C', '1', 572, '2025-06-04 17:16:35'),
	(31, 'C', '2', 573, '2025-06-04 17:16:58'),
	(32, 'C', '3', 574, '2025-06-04 17:17:57'),
	(33, 'C', '1', 575, '2025-06-04 17:19:07'),
	(34, 'C', '1', 576, '2025-06-04 17:20:01'),
	(35, 'C', '3', 577, '2025-06-04 17:25:54'),
	(36, 'C', '3', 578, '2025-06-04 17:27:04'),
	(37, 'C', '3', 579, '2025-06-04 17:30:33'),
	(38, 'C', '3', 580, '2025-06-04 17:31:32'),
	(39, 'C', '3', 581, '2025-06-04 17:32:01'),
	(40, 'C', '3', 582, '2025-06-04 17:32:06'),
	(41, 'C', '3', 583, '2025-06-04 17:34:33'),
	(42, 'C', '3', 584, '2025-06-04 17:34:36'),
	(43, 'C', '3', 585, '2025-06-04 17:35:42'),
	(44, 'C', '3', 586, '2025-06-04 17:35:52'),
	(45, 'C', '3', 587, '2025-06-04 17:36:47'),
	(46, 'C', '3', 588, '2025-06-04 17:36:50'),
	(47, 'C', '3', 589, '2025-06-04 17:37:24'),
	(48, 'C', '3', 590, '2025-06-04 17:37:25'),
	(49, 'C', '3', 591, '2025-06-04 17:37:32'),
	(50, 'C', '3', 592, '2025-06-04 17:39:50'),
	(51, 'C', '3', 593, '2025-06-04 17:39:53'),
	(52, 'C', '3', 594, '2025-06-04 17:40:24'),
	(53, 'C', '3', 595, '2025-06-04 17:40:26'),
	(54, 'C', '3', 596, '2025-06-04 17:40:29'),
	(55, 'C', '3', 597, '2025-06-04 17:41:18'),
	(56, 'C', '3', 598, '2025-06-04 17:41:20'),
	(57, 'C', '3', 599, '2025-06-04 17:41:30'),
	(58, 'C', '3', 600, '2025-06-04 17:41:32'),
	(59, 'C', '3', 601, '2025-06-04 17:41:48'),
	(60, 'C', '3123', 602, '2025-06-04 17:42:21'),
	(61, 'C', '3123', 603, '2025-06-04 17:43:42'),
	(62, 'C', '3123', 604, '2025-06-04 17:46:11'),
	(63, 'C', '3123', 605, '2025-06-04 17:46:16'),
	(64, 'C', '3123', 606, '2025-06-04 17:47:59'),
	(65, 'C', '3123', 607, '2025-06-04 17:55:42'),
	(66, 'C', '3123', 608, '2025-06-04 17:57:34'),
	(67, 'C', '1', 609, '2025-06-05 16:32:49'),
	(68, 'C', '1', 610, '2025-06-05 16:36:11'),
	(69, 'C', '1', 611, '2025-06-05 16:38:36'),
	(70, 'C', '1', 612, '2025-06-05 16:39:23'),
	(71, 'C', '1', 613, '2025-06-05 16:43:51'),
	(72, 'C', '1', 614, '2025-06-05 16:44:00'),
	(73, 'C', '1', 615, '2025-06-05 16:44:40'),
	(74, 'C', '1', 616, '2025-06-05 16:44:42'),
	(75, 'C', '1', 617, '2025-06-05 16:44:53'),
	(76, 'C', '1', 618, '2025-06-05 16:46:10'),
	(77, 'C', '1', 619, '2025-06-05 16:46:17'),
	(78, 'C', '1', 620, '2025-06-05 16:49:22'),
	(79, 'C', '1', 621, '2025-06-05 16:49:26'),
	(80, 'C', '1', 622, '2025-06-05 16:50:09'),
	(81, 'C', '1', 623, '2025-06-05 16:57:59'),
	(82, 'C', '49999948164', 624, '2025-06-05 16:59:44'),
	(83, 'T', '4934420022', 624, '2025-06-05 16:59:44'),
	(84, 'E', 'kelvinpilgeer@gmail.com', 624, '2025-06-05 16:59:44'),
	(85, 'C', '', 625, '2025-06-05 17:13:27'),
	(86, 'C', '', 625, '2025-06-05 17:13:27'),
	(87, 'C', '', 625, '2025-06-05 17:13:27'),
	(88, 'C', '', 625, '2025-06-05 17:13:27'),
	(89, 'C', '', 626, '2025-06-05 17:13:28'),
	(90, 'C', '', 626, '2025-06-05 17:13:28'),
	(91, 'C', '', 626, '2025-06-05 17:13:28'),
	(92, 'C', '', 626, '2025-06-05 17:13:28'),
	(93, 'C', '', 627, '2025-06-05 17:13:29'),
	(94, 'C', '', 627, '2025-06-05 17:13:29'),
	(95, 'C', '', 627, '2025-06-05 17:13:29'),
	(96, 'C', '', 627, '2025-06-05 17:13:29'),
	(97, 'C', '', 628, '2025-06-05 17:14:06'),
	(98, 'C', '', 628, '2025-06-05 17:14:06'),
	(99, 'C', '', 628, '2025-06-05 17:14:06'),
	(100, 'C', '', 628, '2025-06-05 17:14:06'),
	(101, 'C', '', 629, '2025-06-05 17:14:13'),
	(102, 'C', '', 630, '2025-06-05 17:14:14'),
	(103, 'C', '', 631, '2025-06-05 17:17:08'),
	(104, 'C', '', 632, '2025-06-05 17:17:09'),
	(105, 'C', '', 633, '2025-06-05 17:17:10'),
	(106, 'C', '', 634, '2025-06-05 17:17:16'),
	(107, 'C', '', 635, '2025-06-05 17:17:16'),
	(108, 'C', '', 636, '2025-06-05 17:17:17'),
	(109, 'C', '', 637, '2025-06-05 17:17:24'),
	(110, 'C', '', 638, '2025-06-05 17:17:24'),
	(111, 'C', '', 639, '2025-06-05 17:17:28'),
	(112, 'C', '', 640, '2025-06-05 17:17:29'),
	(113, 'C', '', 641, '2025-06-05 17:17:31'),
	(114, 'C', '', 642, '2025-06-05 17:17:31'),
	(115, 'C', '', 643, '2025-06-05 17:17:31'),
	(116, 'C', '', 644, '2025-06-05 17:17:31'),
	(117, 'C', '', 645, '2025-06-05 17:17:32'),
	(118, 'C', '', 646, '2025-06-05 17:17:32'),
	(119, 'C', '', 647, '2025-06-05 17:17:33'),
	(120, 'C', '', 648, '2025-06-05 17:17:33'),
	(121, 'C', '', 649, '2025-06-05 17:17:34'),
	(122, 'C', '', 650, '2025-06-05 17:17:34'),
	(123, 'C', '', 651, '2025-06-05 17:17:43'),
	(124, 'C', '', 652, '2025-06-05 17:17:46'),
	(125, 'C', '', 653, '2025-06-05 17:17:46'),
	(126, 'C', '', 654, '2025-06-05 17:18:46'),
	(127, 'C', '', 655, '2025-06-05 17:18:46'),
	(128, 'C', '', 656, '2025-06-05 17:18:48'),
	(129, 'C', '', 657, '2025-06-05 17:18:59'),
	(130, 'C', '', 658, '2025-06-05 17:19:00'),
	(131, 'C', '', 659, '2025-06-05 17:19:07'),
	(132, 'C', '', 660, '2025-06-05 17:19:08'),
	(133, 'C', '', 661, '2025-06-05 17:19:15'),
	(134, 'C', '', 662, '2025-06-05 17:19:17'),
	(135, 'C', '', 663, '2025-06-05 17:19:24'),
	(136, 'C', '', 664, '2025-06-05 17:19:31'),
	(137, 'C', '', 665, '2025-06-05 17:19:33'),
	(138, 'C', '', 666, '2025-06-05 17:19:34'),
	(139, 'C', '', 667, '2025-06-05 17:19:43'),
	(140, 'C', '', 668, '2025-06-05 17:19:44'),
	(141, 'C', '', 669, '2025-06-05 17:20:00'),
	(142, 'C', '', 670, '2025-06-05 17:20:00'),
	(143, 'C', '', 671, '2025-06-05 17:20:08'),
	(144, 'C', '', 672, '2025-06-05 17:20:09'),
	(145, 'C', '', 673, '2025-06-05 17:20:17'),
	(146, 'C', '', 674, '2025-06-05 17:20:17'),
	(147, 'C', '', 675, '2025-06-05 17:20:17'),
	(148, 'C', '(49) 99994-8164', 676, '2025-06-16 14:11:17'),
	(149, 'E', 'andreirigon@gmail.com', 676, '2025-06-16 14:11:17'),
	(150, 'C', '(49) 99994-8164', 677, '2025-06-16 14:11:29'),
	(151, 'E', 'andreirigon@gmail.com', 677, '2025-06-16 14:11:29'),
	(152, 'C', '4999999999', 678, '2025-06-17 10:52:51'),
	(153, 'C', '4999999999', 679, '2025-06-17 10:53:53'),
	(154, 'C', '312321313', 680, '2025-06-17 10:54:53'),
	(155, 'C', '312321313', 681, '2025-06-17 10:54:55'),
	(156, 'C', '312321313', 682, '2025-06-17 10:55:00'),
	(157, 'C', '4999999999', 683, '2025-06-17 10:55:31'),
	(158, 'C', '4999999999', 684, '2025-06-17 10:55:32'),
	(159, 'C', '4999999999', 685, '2025-06-17 10:55:33'),
	(160, 'C', '49949494949', 686, '2025-06-17 10:56:36'),
	(161, 'C', '49949494949', 687, '2025-06-17 10:56:38'),
	(162, 'C', '', 688, '2025-06-17 10:59:27'),
	(163, 'C', '4999999999', 689, '2025-06-17 10:59:55'),
	(164, 'E', 'kelvinmpilger@gmail.com', 689, '2025-06-17 10:59:55'),
	(165, 'C', '123131312', 690, '2025-06-17 15:39:12'),
	(166, 'C', '123131312', 691, '2025-06-17 15:39:14'),
	(167, 'C', '123131312', 692, '2025-06-17 15:39:15'),
	(168, 'C', '123131312', 693, '2025-06-17 15:39:17'),
	(169, 'C', '123131312', 694, '2025-06-17 15:39:17'),
	(170, 'C', '123131312', 695, '2025-06-17 15:41:19'),
	(171, 'C', '231313131', 696, '2025-06-17 15:42:17'),
	(172, 'C', '131313131', 697, '2025-06-17 15:46:21'),
	(173, 'C', '494949494994', 698, '2025-06-17 16:36:36'),
	(174, 'C', '49494949494949', 699, '2025-06-17 16:39:37');

-- Dumping structure for table db_servfacil.products
DROP TABLE IF EXISTS `products`;
CREATE TABLE IF NOT EXISTS `products` (
  `id` int(11) NOT NULL AUTO_INCREMENT,
  `product_name` varchar(150) NOT NULL,
  `product_application` enum('Mercadoria para revenda','Servios','Material de uso e consumo') NOT NULL DEFAULT 'Mercadoria para revenda',
  `gtin_barcode` varchar(15) DEFAULT NULL,
  `ncm` varchar(10) DEFAULT NULL,
  `cest` varchar(10) DEFAULT NULL,
  `quantity` double(10,4) NOT NULL DEFAULT 0.0000,
  `cost_price` double(15,4) NOT NULL DEFAULT 0.0000,
  `sell_price` double(15,4) NOT NULL DEFAULT 0.0000,
  `profit_percentual` double(15,4) NOT NULL DEFAULT 0.0000,
  PRIMARY KEY (`id`)
) ENGINE=InnoDB AUTO_INCREMENT=3 DEFAULT CHARSET=utf8mb4 COLLATE=utf8mb4_general_ci;

-- Dumping data for table db_servfacil.products: ~2 rows (approximately)
DELETE FROM `products`;
INSERT INTO `products` (`id`, `product_name`, `product_application`, `gtin_barcode`, `ncm`, `cest`, `quantity`, `cost_price`, `sell_price`, `profit_percentual`) VALUES
	(1, 'Coca-Cola 600ml', 'Mercadoria para revenda', NULL, NULL, NULL, 0.0000, 0.0000, 0.0000, 0.0000),
	(2, 'Fanta Laranja Lata 330ml', 'Mercadoria para revenda', '7891234567891', NULL, NULL, 15.0000, 1.0000, 3.0000, 124.3600);

/*!40103 SET TIME_ZONE=IFNULL(@OLD_TIME_ZONE, 'system') */;
/*!40101 SET SQL_MODE=IFNULL(@OLD_SQL_MODE, '') */;
/*!40014 SET FOREIGN_KEY_CHECKS=IFNULL(@OLD_FOREIGN_KEY_CHECKS, 1) */;
/*!40101 SET CHARACTER_SET_CLIENT=@OLD_CHARACTER_SET_CLIENT */;
/*!40111 SET SQL_NOTES=IFNULL(@OLD_SQL_NOTES, 1) */;
